Protocollo;Gruppo;DataOraIncidente;Localizzazione1;STRADA1;Localizzazione2;STRADA2;Strada02;Chilometrica;DaSpecificare;NaturaIncidente;particolaritastrade;TipoStrada;FondoStradale;Pavimentazione;Segnaletica;CondizioneAtmosferica;Traffico;Visibilita;Illuminazione;NUM_FERITI;NUM_RISERVATA;NUM_MORTI;NUM_ILLESI;Longitudine;Latitudine;Confermato;Progressivo;TipoVeicolo;StatoVeicolo;TipoPersona;Sesso;Tipolesione;Deceduto;DecedutoDopo;CinturaCascoUtilizzato;Airbag
1850974;15;04/10/2010 16:05;Comunale extraurbana;VIA DELLA MURATELLA;da specificare;;;;PROX. Via della Muratella Mezzana;Veicolo in marcia contro veicolo fermo;Curva senza visuale libera;Una carreggiata a doppio senso;Asciutto;Strada pavimentata dissestata;Assente;Grandine in atto;Normale;Insufficiente;Ore Diurne;0;0;0;1;;;-1;1;Autovettura privata;In marcia / fermata / arresto;Conducente;M;Illeso;0;;Utilizzato;Inesistente
1850975;15;04/10/2010 16:00;Comunale extraurbana;VIA DELLA MURATELLA;da specificare;;;;PROX. VIA DELLA MURATELLA MEZZANA;Veicolo in marcia contro ostacolo fisso;Curva senza visuale libera;Una carreggiata a doppio senso;Bagnato (pioggia);Asfaltata;Verticale ed orizzontale;Nuvoloso;Scarso;Buona;Ore Diurne;0;0;0;1;;;-1;1;Autovettura privata;In marcia / fermata / arresto;Conducente;M;Illeso;0;;Utilizzato;Inesistente
1850976;15;04/10/2010 19:50;Strada Urbana;PIAZZA DELLA RADIO;da specificare;;;;lato parcheggio f.c. 71;Scontro frontale/laterale DX fra veicoli in marcia;Rettilineo;Una carreggiata a doppio senso;Asciutto;Asfaltata;Verticale ed orizzontale;Nuvoloso;Normale;Buona;Sufficiente;1;0;0;1;;;-1;1;Autovettura privata;In marcia / fermata / arresto;Conducente;M;Illeso;0;;Utilizzato;Inesistente
1850976;15;04/10/2010 19:50;Strada Urbana;PIAZZA DELLA RADIO;da specificare;;;;lato parcheggio f.c. 71;Scontro frontale/laterale DX fra veicoli in marcia;Rettilineo;Una carreggiata a doppio senso;Asciutto;Asfaltata;Verticale ed orizzontale;Nuvoloso;Normale;Buona;Sufficiente;1;0;0;1;;;-1;2;Motociclo a solo;In marcia / fermata / arresto;Conducente;F;Rimandato;0;NON DECEDUTO;Utilizzato;Inesistente
1850993;18;03/10/2010 20:10;Strada Urbana;VIA DI CASAL SELCE;da specificare;;;;fronte civico pross n 137;Scontro frontale fra veicoli in marcia;Rettilineo;Una carreggiata a doppio senso;Asciutto;Asfaltata;Orizzontale;Sereno;Scarso;Insufficiente;Inesistente;1;0;0;2;;;-1;1;Autovettura privata;In marcia / fermata / arresto;Conducente;M;Rimandato;0;NON DECEDUTO;Non accertato;Esploso
1850993;18;03/10/2010 20:10;Strada Urbana;VIA DI CASAL SELCE;da specificare;;;;fronte civico pross n 137;Scontro frontale fra veicoli in marcia;Rettilineo;Una carreggiata a doppio senso;Asciutto;Asfaltata;Orizzontale;Sereno;Scarso;Insufficiente;Inesistente;1;0;0;2;;;-1;2;Autovettura privata;In marcia / fermata / arresto;Conducente;M;Illeso;0;;Non accertato;Esploso
1850993;18;03/10/2010 20:10;Strada Urbana;VIA DI CASAL SELCE;da specificare;;;;fronte civico pross n 137;Scontro frontale fra veicoli in marcia;Rettilineo;Una carreggiata a doppio senso;Asciutto;Asfaltata;Orizzontale;Sereno;Scarso;Insufficiente;Inesistente;1;0;0;2;;;-1;2;Autovettura privata;In marcia / fermata / arresto;Passeggero;M;Illeso;0;;Non accertato;Esploso
1850994;18;03/10/2010 21:50;Strada Urbana;VIA BALDO DEGLI UBALDI;in corrispondenza;;del civico n. ;214;;Veicolo in marcia contro ostacolo fisso;Rettilineo;Due carreggiate;Asciutto;Asfaltata;Verticale ed orizzontale;Sereno;Normale;Buona;Sufficiente;0;0;0;2;;;-1;1;Autovettura privata;In marcia / fermata / arresto;Conducente;M;Illeso;0;;Non accertato;Inesploso
1850994;18;03/10/2010 21:50;Strada Urbana;VIA BALDO DEGLI UBALDI;in corrispondenza;;del civico n. ;214;;Veicolo in marcia contro ostacolo fisso;Rettilineo;Due carreggiate;Asciutto;Asfaltata;Verticale ed orizzontale;Sereno;Normale;Buona;Sufficiente;0;0;0;2;;;-1;1;Autovettura privata;In marcia / fermata / arresto;Passeggero;F;Illeso;0;;Non accertato;Inesistente
1850995;18;04/10/2010 08:45;Strada Urbana;VIA LEONE XIII;da specificare;;;;in prossimità dell'intersezione con P.zza Pio XI;Tamponamento;Rettilineo;Due carreggiate;Asciutto;Asfaltata;Verticale ed orizzontale;Sereno;Intenso;Buona;Ore Diurne;1;0;0;0;;;-1;1;Motociclo a solo;In marcia / fermata / arresto;Conducente;M;Rifiuta cure immediate;0;NON DECEDUTO;Non accertato;Inesistente
1850996;18;04/10/2010 16:10;Strada Urbana;VIA DEI MONTI DI CRETA;in corrispondenza;;del civico n. ;104;;Scontro frontale/laterale DX fra veicoli in marcia;Rettilineo;Una carreggiata a senso unico di marcia;Bagnato (pioggia);Asfaltata;Verticale ed orizzontale;Pioggia in atto;Normale;Buona;Ore Diurne;1;0;0;2;;;-1;1;Autovettura privata;In marcia / fermata / arresto;Conducente;M;Illeso;0;;Non accertato;Inesistente
1850996;18;04/10/2010 16:10;Strada Urbana;VIA DEI MONTI DI CRETA;in corrispondenza;;del civico n. ;104;;Scontro frontale/laterale DX fra veicoli in marcia;Rettilineo;Una carreggiata a senso unico di marcia;Bagnato (pioggia);Asfaltata;Verticale ed orizzontale;Pioggia in atto;Normale;Buona;Ore Diurne;1;0;0;2;;;-1;1;Autovettura privata;In marcia / fermata / arresto;Passeggero;M;Illeso;0;;Non accertato;Inesistente
1850996;18;04/10/2010 16:10;Strada Urbana;VIA DEI MONTI DI CRETA;in corrispondenza;;del civico n. ;104;;Scontro frontale/laterale DX fra veicoli in marcia;Rettilineo;Una carreggiata a senso unico di marcia;Bagnato (pioggia);Asfaltata;Verticale ed orizzontale;Pioggia in atto;Normale;Buona;Ore Diurne;1;0;0;2;;;-1;2;Motociclo a solo;In marcia / fermata / arresto;Conducente;M;Ricoverato;0;NON DECEDUTO;Non accertato;Inesistente
1850997;18;04/10/2010 22:35;Strada Urbana;VIA MATTIA BATTISTINI;all'intersezione semaforizzata con;VIA DEI MONTI DI PRIMAVALLE;VIA DEI MONTI DI PRIMAVALLE;;;Veicolo in marcia contro ostacolo fisso;Intersezione semaforizzata;Una carreggiata a doppio senso;Asciutto;Asfaltata;Verticale ed orizzontale;Sereno;Normale;Buona;Sufficiente;1;0;0;0;;;-1;1;Autovettura privata;In marcia / fermata / arresto;Conducente;M;Rimandato;0;NON DECEDUTO;Non accertato;Inesistente
1850998;18;05/10/2010 08:30;Strada Urbana;VIA AURELIA;da specificare;;;;in prossimità di Via Pasquale Fiore ;Investimento di pedone;Rettilineo;Una carreggiata a doppio senso;Asciutto;Asfaltata;Verticale ed orizzontale;Nuvoloso;Normale;Buona;Ore Diurne;1;0;0;3;;;-1;;;;Pedone;F;Rimandato;0;NON DECEDUTO;;
1850998;18;05/10/2010 08:30;Strada Urbana;VIA AURELIA;da specificare;;;;in prossimità di Via Pasquale Fiore ;Investimento di pedone;Rettilineo;Una carreggiata a doppio senso;Asciutto;Asfaltata;Verticale ed orizzontale;Nuvoloso;Normale;Buona;Ore Diurne;1;0;0;3;;;-1;1;Ciclomotore;In marcia / fermata / arresto;Conducente;M;Illeso;0;;Non utilizzato;Inesistente
1850998;18;05/10/2010 08:30;Strada Urbana;VIA AURELIA;da specificare;;;;in prossimità di Via Pasquale Fiore ;Investimento di pedone;Rettilineo;Una carreggiata a doppio senso;Asciutto;Asfaltata;Verticale ed orizzontale;Nuvoloso;Normale;Buona;Ore Diurne;1;0;0;3;;;-1;1;Ciclomotore;In marcia / fermata / arresto;Passeggero;F;Illeso;0;;Non utilizzato;Inesistente
1850998;18;05/10/2010 08:30;Strada Urbana;VIA AURELIA;da specificare;;;;in prossimità di Via Pasquale Fiore ;Investimento di pedone;Rettilineo;Una carreggiata a doppio senso;Asciutto;Asfaltata;Verticale ed orizzontale;Nuvoloso;Normale;Buona;Ore Diurne;1;0;0;3;;;-1;1;Ciclomotore;In marcia / fermata / arresto;Passeggero;F;Illeso;0;;Utilizzato;Inesistente
1850999;19;02/10/2010 13:25;Strada Urbana;VIA DI SELVA CANDIDA;in prossimità;;del civico n. ;252;;Scontro laterale fra veicoli in marcia;Rettilineo;Una carreggiata a doppio senso;Asciutto;Asfaltata;Orizzontale;Sereno;Scarso;Buona;Ore Diurne;1;0;0;3;;;-1;1;Ciclomotore;In marcia / fermata / arresto;Conducente;M;Rimandato;0;NON DECEDUTO;Non accertato;Inesistente
1850999;19;02/10/2010 13:25;Strada Urbana;VIA DI SELVA CANDIDA;in prossimità;;del civico n. ;252;;Scontro laterale fra veicoli in marcia;Rettilineo;Una carreggiata a doppio senso;Asciutto;Asfaltata;Orizzontale;Sereno;Scarso;Buona;Ore Diurne;1;0;0;3;;;-1;2;Autovettura privata;In marcia / fermata / arresto;Conducente;M;Illeso;0;;Non accertato;Inesploso
1850999;19;02/10/2010 13:25;Strada Urbana;VIA DI SELVA CANDIDA;in prossimità;;del civico n. ;252;;Scontro laterale fra veicoli in marcia;Rettilineo;Una carreggiata a doppio senso;Asciutto;Asfaltata;Orizzontale;Sereno;Scarso;Buona;Ore Diurne;1;0;0;3;;;-1;2;Autovettura privata;In marcia / fermata / arresto;Passeggero;M;Illeso;0;;Non accertato;Inesistente
1850999;19;02/10/2010 13:25;Strada Urbana;VIA DI SELVA CANDIDA;in prossimità;;del civico n. ;252;;Scontro laterale fra veicoli in marcia;Rettilineo;Una carreggiata a doppio senso;Asciutto;Asfaltata;Orizzontale;Sereno;Scarso;Buona;Ore Diurne;1;0;0;3;;;-1;2;Autovettura privata;In marcia / fermata / arresto;Passeggero;M;Illeso;0;;Non accertato;Inesistente
1851000;19;04/10/2010 16:45;Strada Urbana;VIA TRIONFALE;all'intersezione con;VIA BENEDETTO BACCHINI;VIA BENEDETTO BACCHINI;;;Scontro frontale/laterale DX fra veicoli in marcia;Incrocio;Una carreggiata a doppio senso;Bagnato (pioggia);Asfaltata;Orizzontale;Pioggia in atto;Intenso;Buona;Ore Diurne;0;0;0;2;;;-1;1;Autovettura privata;In marcia / fermata / arresto;Conducente;M;Illeso;0;;Utilizzato;Inesploso
1851000;19;04/10/2010 16:45;Strada Urbana;VIA TRIONFALE;all'intersezione con;VIA BENEDETTO BACCHINI;VIA BENEDETTO BACCHINI;;;Scontro frontale/laterale DX fra veicoli in marcia;Incrocio;Una carreggiata a doppio senso;Bagnato (pioggia);Asfaltata;Orizzontale;Pioggia in atto;Intenso;Buona;Ore Diurne;0;0;0;2;;;-1;2;Autovettura privata;In marcia / fermata / arresto;Conducente;M;Illeso;0;;Non accertato;Inesistente
1851001;19;04/10/2010 17:35;Strada Urbana;VIA PIETRO BEMBO;in prossimità;;del civico n. ;111;;Scontro frontale fra veicoli in marcia;Rettilineo;Una carreggiata a doppio senso;Bagnato (pioggia);Asfaltata;Orizzontale;Pioggia in atto;Normale;Buona;Sufficiente;1;0;0;1;;;-1;1;Ciclomotore;In marcia / fermata / arresto;Conducente;M;Rimandato;0;NON DECEDUTO;Utilizzato;Inesistente
1851001;19;04/10/2010 17:35;Strada Urbana;VIA PIETRO BEMBO;in prossimità;;del civico n. ;111;;Scontro frontale fra veicoli in marcia;Rettilineo;Una carreggiata a doppio senso;Bagnato (pioggia);Asfaltata;Orizzontale;Pioggia in atto;Normale;Buona;Sufficiente;1;0;0;1;;;-1;2;Autovettura privata;In marcia / fermata / arresto;Conducente;M;Illeso;0;;Non accertato;Inesploso
1851002;19;04/10/2010 21:00;Strada Urbana;GALLERIA GIOVANNI XXIII;in prossimità;;della chilometrica ;2.9;;Veicolo in marcia contro ostacolo fisso;Galleria illuminata;Una carreggiata a senso unico di marcia;Asciutto;Asfaltata;Verticale ed orizzontale;Nuvoloso;Normale;Buona;Insufficiente;1;0;0;0;;;-1;1;Autovettura privata;In marcia / fermata / arresto;Conducente;M;Rimandato;0;NON DECEDUTO;Non accertato;Esploso
1851003;2;02/10/2010 12:45;Strada Urbana;VIA CHIANA;all'intersezione con;VIA SEBINO;VIA SEBINO;;;Investimento di pedone;Incrocio;Una carreggiata a senso unico di marcia;Asciutto;Asfaltata;Verticale ed orizzontale;Sereno;Normale;Buona;Ore Diurne;1;0;0;2;;;-1;;;;Pedone;F;Rimandato;0;NON DECEDUTO;;
1851003;2;02/10/2010 12:45;Strada Urbana;VIA CHIANA;all'intersezione con;VIA SEBINO;VIA SEBINO;;;Investimento di pedone;Incrocio;Una carreggiata a senso unico di marcia;Asciutto;Asfaltata;Verticale ed orizzontale;Sereno;Normale;Buona;Ore Diurne;1;0;0;2;;;-1;1;Autovettura privata;In marcia / fermata / arresto;Conducente;F;Illeso;0;;Non accertato;Inesploso
1851003;2;02/10/2010 12:45;Strada Urbana;VIA CHIANA;all'intersezione con;VIA SEBINO;VIA SEBINO;;;Investimento di pedone;Incrocio;Una carreggiata a senso unico di marcia;Asciutto;Asfaltata;Verticale ed orizzontale;Sereno;Normale;Buona;Ore Diurne;1;0;0;2;;;-1;1;Autovettura privata;In marcia / fermata / arresto;Passeggero;F;Illeso;0;;Non accertato;Inesistente
1851004;2;02/10/2010 14:20;Strada Urbana;VIALE MARESCIALLO PILSUDSKI;in prossimità;;del civico n. ;128;;Scontro laterale fra veicoli in marcia;Curva a visuale libera;Due carreggiate;Asciutto;Asfaltata;Orizzontale;Nuvoloso;Normale;Buona;Ore Diurne;1;0;0;2;;;-1;1;Motociclo a solo;In marcia / fermata / arresto;Conducente;M;Rimandato;0;NON DECEDUTO;Non accertato;Inesistente
1851004;2;02/10/2010 14:20;Strada Urbana;VIALE MARESCIALLO PILSUDSKI;in prossimità;;del civico n. ;128;;Scontro laterale fra veicoli in marcia;Curva a visuale libera;Due carreggiate;Asciutto;Asfaltata;Orizzontale;Nuvoloso;Normale;Buona;Ore Diurne;1;0;0;2;;;-1;2;Autovettura privata;In marcia / fermata / arresto;Conducente;M;Illeso;0;;Non accertato;Inesploso
1851004;2;02/10/2010 14:20;Strada Urbana;VIALE MARESCIALLO PILSUDSKI;in prossimità;;del civico n. ;128;;Scontro laterale fra veicoli in marcia;Curva a visuale libera;Due carreggiate;Asciutto;Asfaltata;Orizzontale;Nuvoloso;Normale;Buona;Ore Diurne;1;0;0;2;;;-1;2;Autovettura privata;In marcia / fermata / arresto;Passeggero;F;Illeso;0;;Non accertato;Inesploso
1851006;2;02/10/2010 21:20;Strada Urbana;VIA CHIANA;all'intersezione con;VIA OGLIO;VIA OGLIO;;;Scontro frontale fra veicoli in marcia;Incrocio;Due carreggiate;Asciutto;Asfaltata;Verticale ed orizzontale;Sereno;Scarso;Sufficiente;Sufficiente;2;0;0;1;;;-1;1;Autovettura privata;In marcia / fermata / arresto;Conducente;M;Illeso;0;;Non accertato;Inesistente
1851006;2;02/10/2010 21:20;Strada Urbana;VIA CHIANA;all'intersezione con;VIA OGLIO;VIA OGLIO;;;Scontro frontale fra veicoli in marcia;Incrocio;Due carreggiate;Asciutto;Asfaltata;Verticale ed orizzontale;Sereno;Scarso;Sufficiente;Sufficiente;2;0;0;1;;;-1;2;Autovettura privata;In marcia / fermata / arresto;Conducente;M;Rifiuta cure immediate;0;NON DECEDUTO;Non accertato;Inesistente
1851006;2;02/10/2010 21:20;Strada Urbana;VIA CHIANA;all'intersezione con;VIA OGLIO;VIA OGLIO;;;Scontro frontale fra veicoli in marcia;Incrocio;Due carreggiate;Asciutto;Asfaltata;Verticale ed orizzontale;Sereno;Scarso;Sufficiente;Sufficiente;2;0;0;1;;;-1;2;Autovettura privata;In marcia / fermata / arresto;Passeggero;F;Rifiuta cure immediate;0;NON DECEDUTO;Non accertato;Inesistente
1851007;2;03/10/2010 01:00;Strada Urbana;VIALE XVII OLIMPIADE;all'intersezione con;VIA AUSTRIA;VIA AUSTRIA;;;Scontro frontale/laterale DX fra veicoli in marcia;Incrocio;Una carreggiata a senso unico di marcia;Asciutto;Asfaltata;Verticale ed orizzontale;Sereno;Scarso;Sufficiente;Sufficiente;1;0;0;4;;;-1;1;Autovettura privata;In marcia / fermata / arresto;Conducente;M;Illeso;0;;Non accertato;Inesistente
1851007;2;03/10/2010 01:00;Strada Urbana;VIALE XVII OLIMPIADE;all'intersezione con;VIA AUSTRIA;VIA AUSTRIA;;;Scontro frontale/laterale DX fra veicoli in marcia;Incrocio;Una carreggiata a senso unico di marcia;Asciutto;Asfaltata;Verticale ed orizzontale;Sereno;Scarso;Sufficiente;Sufficiente;1;0;0;4;;;-1;1;Autovettura privata;In marcia / fermata / arresto;Passeggero;M;Illeso;0;;Non accertato;Inesistente
1851007;2;03/10/2010 01:00;Strada Urbana;VIALE XVII OLIMPIADE;all'intersezione con;VIA AUSTRIA;VIA AUSTRIA;;;Scontro frontale/laterale DX fra veicoli in marcia;Incrocio;Una carreggiata a senso unico di marcia;Asciutto;Asfaltata;Verticale ed orizzontale;Sereno;Scarso;Sufficiente;Sufficiente;1;0;0;4;;;-1;1;Autovettura privata;In marcia / fermata / arresto;Passeggero;M;Rimandato;0;NON DECEDUTO;Non accertato;Inesistente
1851007;2;03/10/2010 01:00;Strada Urbana;VIALE XVII OLIMPIADE;all'intersezione con;VIA AUSTRIA;VIA AUSTRIA;;;Scontro frontale/laterale DX fra veicoli in marcia;Incrocio;Una carreggiata a senso unico di marcia;Asciutto;Asfaltata;Verticale ed orizzontale;Sereno;Scarso;Sufficiente;Sufficiente;1;0;0;4;;;-1;2;Autovettura privata;In marcia / fermata / arresto;Conducente;F;Illeso;0;;Non accertato;Inesistente
1851007;2;03/10/2010 01:00;Strada Urbana;VIALE XVII OLIMPIADE;all'intersezione con;VIA AUSTRIA;VIA AUSTRIA;;;Scontro frontale/laterale DX fra veicoli in marcia;Incrocio;Una carreggiata a senso unico di marcia;Asciutto;Asfaltata;Verticale ed orizzontale;Sereno;Scarso;Sufficiente;Sufficiente;1;0;0;4;;;-1;2;Autovettura privata;In marcia / fermata / arresto;Passeggero;M;Illeso;0;;Non accertato;Inesistente
1851008;2;03/10/2010 03:30;Strada Urbana;VIALE DI TOR DI QUINTO;in prossimità;;del civico n. ;114a;;Veicolo in marcia contro ostacolo fisso;Rettilineo;Una carreggiata a doppio senso;Asciutto;Asfaltata;Verticale ed orizzontale;Sereno;Normale;Buona;Sufficiente;0;0;0;4;;;-1;1;Autovettura pubblica;In marcia / fermata / arresto;Conducente;M;Illeso;0;;Non accertato;Inesistente
1851008;2;03/10/2010 03:30;Strada Urbana;VIALE DI TOR DI QUINTO;in prossimità;;del civico n. ;114a;;Veicolo in marcia contro ostacolo fisso;Rettilineo;Una carreggiata a doppio senso;Asciutto;Asfaltata;Verticale ed orizzontale;Sereno;Normale;Buona;Sufficiente;0;0;0;4;;;-1;1;Autovettura pubblica;In marcia / fermata / arresto;Passeggero;F;Illeso;0;;Non accertato;Inesistente
1851008;2;03/10/2010 03:30;Strada Urbana;VIALE DI TOR DI QUINTO;in prossimità;;del civico n. ;114a;;Veicolo in marcia contro ostacolo fisso;Rettilineo;Una carreggiata a doppio senso;Asciutto;Asfaltata;Verticale ed orizzontale;Sereno;Normale;Buona;Sufficiente;0;0;0;4;;;-1;1;Autovettura pubblica;In marcia / fermata / arresto;Passeggero;F;Illeso;0;;Non accertato;Inesistente
1851008;2;03/10/2010 03:30;Strada Urbana;VIALE DI TOR DI QUINTO;in prossimità;;del civico n. ;114a;;Veicolo in marcia contro ostacolo fisso;Rettilineo;Una carreggiata a doppio senso;Asciutto;Asfaltata;Verticale ed orizzontale;Sereno;Normale;Buona;Sufficiente;0;0;0;4;;;-1;1;Autovettura pubblica;In marcia / fermata / arresto;Passeggero;F;Illeso;0;;Non accertato;Inesistente
1851009;2;03/10/2010 17:15;Strada Urbana;VIA FLAMINIA NUOVA;all'intersezione con;VIA ANDREA SACCHI;VIA ANDREA SACCHI;;;Veicolo in marcia contro veicolo in sosta;Incrocio;Una carreggiata a senso unico di marcia;Asciutto;Asfaltata;Verticale ed orizzontale;Sereno;Scarso;Buona;Ore Diurne;0;0;0;2;;;-1;1;Autovettura privata;In marcia / fermata / arresto;Conducente;M;Illeso;0;;Non accertato;Inesistente
1851009;2;03/10/2010 17:15;Strada Urbana;VIA FLAMINIA NUOVA;all'intersezione con;VIA ANDREA SACCHI;VIA ANDREA SACCHI;;;Veicolo in marcia contro veicolo in sosta;Incrocio;Una carreggiata a senso unico di marcia;Asciutto;Asfaltata;Verticale ed orizzontale;Sereno;Scarso;Buona;Ore Diurne;0;0;0;2;;;-1;1;Autovettura privata;In marcia / fermata / arresto;Passeggero;F;Illeso;0;;Non accertato;Inesistente
1851010;2;04/10/2010 06:20;Strada Urbana;CIRCONVALLAZIONE SALARIA;da specificare;;;;svincolo Prato della signora;Veicolo in marcia contro ostacolo fisso;Rettilineo;Più di due carreggiate;Asciutto;Asfaltata;Orizzontale;Sereno;Scarso;Sufficiente;Ore Diurne;0;0;0;1;;;-1;1;Autovettura privata;In marcia / fermata / arresto;Conducente;M;Illeso;0;;Non accertato;Inesistente
1851011;2;04/10/2010 00:45;Strada Urbana;PIAZZA BUENOS AIRES;all'intersezione semaforizzata con;VIALE REGINA MARGHERITA;VIALE REGINA MARGHERITA;;;Veicolo in marcia contro ostacolo fisso;Incrocio;Una carreggiata a doppio senso;Asciutto;Asfaltata;Verticale ed orizzontale;Sereno;Scarso;Sufficiente;Sufficiente;0;0;0;1;;;-1;1;Autovettura privata;In marcia / fermata / arresto;Conducente;M;Illeso;0;;Non accertato;Esploso
1851012;2;04/10/2010 00:15;Strada Urbana;PIAZZA BUENOS AIRES;all'intersezione semaforizzata con;VIA PO;VIA PO;;;Tamponamento;Intersezione semaforizzata;Una carreggiata a doppio senso;Asciutto;Asfaltata;Verticale ed orizzontale;Sereno;Scarso;Sufficiente;Sufficiente;3;0;0;1;;;-1;1;Autovettura privata;In marcia / fermata / arresto;Conducente;M;Rifiuta cure immediate;0;NON DECEDUTO;Non accertato;Inesistente
1851012;2;04/10/2010 00:15;Strada Urbana;PIAZZA BUENOS AIRES;all'intersezione semaforizzata con;VIA PO;VIA PO;;;Tamponamento;Intersezione semaforizzata;Una carreggiata a doppio senso;Asciutto;Asfaltata;Verticale ed orizzontale;Sereno;Scarso;Sufficiente;Sufficiente;3;0;0;1;;;-1;1;Autovettura privata;In marcia / fermata / arresto;Passeggero;F;Rimandato;0;NON DECEDUTO;Non accertato;Inesistente
1851012;2;04/10/2010 00:15;Strada Urbana;PIAZZA BUENOS AIRES;all'intersezione semaforizzata con;VIA PO;VIA PO;;;Tamponamento;Intersezione semaforizzata;Una carreggiata a doppio senso;Asciutto;Asfaltata;Verticale ed orizzontale;Sereno;Scarso;Sufficiente;Sufficiente;3;0;0;1;;;-1;1;Autovettura privata;In marcia / fermata / arresto;Passeggero;M;Rifiuta cure immediate;0;NON DECEDUTO;Non accertato;Inesistente
1851012;2;04/10/2010 00:15;Strada Urbana;PIAZZA BUENOS AIRES;all'intersezione semaforizzata con;VIA PO;VIA PO;;;Tamponamento;Intersezione semaforizzata;Una carreggiata a doppio senso;Asciutto;Asfaltata;Verticale ed orizzontale;Sereno;Scarso;Sufficiente;Sufficiente;3;0;0;1;;;-1;2;Autovettura privata;In marcia / fermata / arresto;Conducente;M;Illeso;0;;Non accertato;Inesistente
1851013;20;01/10/2010 12:05;Strada Urbana;VIA DI PRATO CORAZZA;in corrispondenza;;del civico n. ;64;;Veicoli in marcia contro veicolo fermo;Rettilineo;Una carreggiata a doppio senso;Asciutto;Asfaltata;Verticale ed orizzontale;Sereno;Normale;Buona;Ore Diurne;0;0;0;4;;;-1;1;Autovettura privata;In marcia / fermata / arresto;Conducente;F;Illeso;0;;Non accertato;Inesistente
1851013;20;01/10/2010 12:05;Strada Urbana;VIA DI PRATO CORAZZA;in corrispondenza;;del civico n. ;64;;Veicoli in marcia contro veicolo fermo;Rettilineo;Una carreggiata a doppio senso;Asciutto;Asfaltata;Verticale ed orizzontale;Sereno;Normale;Buona;Ore Diurne;0;0;0;4;;;-1;2;Autovettura privata;Allontanatosi;Conducente;M;Illeso;0;;Non accertato;Inesploso
1851013;20;01/10/2010 12:05;Strada Urbana;VIA DI PRATO CORAZZA;in corrispondenza;;del civico n. ;64;;Veicoli in marcia contro veicolo fermo;Rettilineo;Una carreggiata a doppio senso;Asciutto;Asfaltata;Verticale ed orizzontale;Sereno;Normale;Buona;Ore Diurne;0;0;0;4;;;-1;2;Autovettura privata;Allontanatosi;Passeggero;F;Illeso;0;;Non accertato;Inesploso
1851013;20;01/10/2010 12:05;Strada Urbana;VIA DI PRATO CORAZZA;in corrispondenza;;del civico n. ;64;;Veicoli in marcia contro veicolo fermo;Rettilineo;Una carreggiata a doppio senso;Asciutto;Asfaltata;Verticale ed orizzontale;Sereno;Normale;Buona;Ore Diurne;0;0;0;4;;;-1;2;Autovettura privata;Allontanatosi;Passeggero;F;Illeso;0;;Non accertato;Inesploso
1851014;20;04/10/2010 08:45;Statale entro l'abitato;VIA CASSIA;all'intersezione con;VIA GUGLIELMO IMPERIALI DI FRANCAVILLA;VIA GUGLIELMO IMPERIALI DI FRANCAVILLA;;;Tamponamento;Intersezione stradale segnalata;Una carreggiata a senso unico di marcia;Asciutto;Asfaltata;Verticale ed orizzontale;Sereno;Normale;Buona;Ore Diurne;1;0;0;1;;;-1;1;Autovettura privata;In marcia / fermata / arresto;Conducente;F;Illeso;0;;Non accertato;Inesploso
1851014;20;04/10/2010 08:45;Statale entro l'abitato;VIA CASSIA;all'intersezione con;VIA GUGLIELMO IMPERIALI DI FRANCAVILLA;VIA GUGLIELMO IMPERIALI DI FRANCAVILLA;;;Tamponamento;Intersezione stradale segnalata;Una carreggiata a senso unico di marcia;Asciutto;Asfaltata;Verticale ed orizzontale;Sereno;Normale;Buona;Ore Diurne;1;0;0;1;;;-1;2;Motociclo a solo;In marcia / fermata / arresto;Conducente;M;Rimandato;0;NON DECEDUTO;Non accertato;Inesistente
1851015;20;04/10/2010 09:00;Strada Urbana;VIA DELL'ACQUA TRAVERSA;in prossimità;;del civico n. ;185;;Scontro frontale/laterale SX fra veicoli in marcia;Curva a visuale libera;Una carreggiata a senso unico di marcia;Asciutto;Asfaltata;Verticale;Sereno;Normale;Buona;Ore Diurne;0;0;0;2;;;-1;1;Autovettura pubblica;In marcia / fermata / arresto;Conducente;M;Illeso;0;;Non accertato;Inesploso
1851015;20;04/10/2010 09:00;Strada Urbana;VIA DELL'ACQUA TRAVERSA;in prossimità;;del civico n. ;185;;Scontro frontale/laterale SX fra veicoli in marcia;Curva a visuale libera;Una carreggiata a senso unico di marcia;Asciutto;Asfaltata;Verticale;Sereno;Normale;Buona;Ore Diurne;0;0;0;2;;;-1;2;Autovettura privata;In marcia / fermata / arresto;Conducente;M;Illeso;0;;Non accertato;Inesploso
1851016;20;04/10/2010 11:50;Strada Urbana;LUNGOTEVERE MARESCIALLO DIAZ;all'intersezione semaforizzata con;VIALE DEL MINISTERO DEGLI AFFARI ESTERI;VIALE DEL MINISTERO DEGLI AFFARI ESTERI;;;Scontro laterale fra veicoli in marcia;Intersezione semaforizzata;Due carreggiate;Asciutto;Asfaltata;Verticale ed orizzontale;Sereno;Normale;Buona;Ore Diurne;0;0;0;2;;;-1;1;Autovettura privata;In marcia / fermata / arresto;Conducente;F;Illeso;0;;Non accertato;Inesistente