Protocollo;Gruppo;DataOraIncidente;Localizzazione1;STRADA1;Localizzazione2;STRADA2;Strada02;Chilometrica;DaSpecificare;NaturaIncidente;particolaritastrade;TipoStrada;FondoStradale;Pavimentazione;Segnaletica;CondizioneAtmosferica;Traffico;Visibilita;Illuminazione;NUM_FERITI;NUM_RISERVATA;NUM_MORTI;NUM_ILLESI;Longitudine;Latitudine;Confermato;Progressivo;TipoVeicolo;StatoVeicolo;TipoPersona;Sesso;Tipolesione;Deceduto;DecedutoDopo;CinturaCascoUtilizzato;Airbag
1851447;7;06/10/2010 09:00;Strada Urbana;VIALE PALMIRO TOGLIATTI;in corrispondenza;;del civico n. ;997;;Scontro laterale fra veicoli in marcia;Rettilineo;Due carreggiate;Asciutto;Asfaltata;Orizzontale;Sereno;Normale;Buona;Ore Diurne;0;0;0;3;;;-1;1;Motociclo a solo;In marcia / fermata / arresto;Conducente;M;Illeso;0;;Utilizzato;Inesistente
1851447;7;06/10/2010 09:00;Strada Urbana;VIALE PALMIRO TOGLIATTI;in corrispondenza;;del civico n. ;997;;Scontro laterale fra veicoli in marcia;Rettilineo;Due carreggiate;Asciutto;Asfaltata;Orizzontale;Sereno;Normale;Buona;Ore Diurne;0;0;0;3;;;-1;2;Autovettura privata;In marcia / fermata / arresto;Conducente;F;Illeso;0;;Non accertato;Inesistente
1851447;7;06/10/2010 09:00;Strada Urbana;VIALE PALMIRO TOGLIATTI;in corrispondenza;;del civico n. ;997;;Scontro laterale fra veicoli in marcia;Rettilineo;Due carreggiate;Asciutto;Asfaltata;Orizzontale;Sereno;Normale;Buona;Ore Diurne;0;0;0;3;;;-1;2;Autovettura privata;In marcia / fermata / arresto;Passeggero;M;Illeso;0;;Non accertato;Inesistente
1851448;7;06/10/2010 10:30;Strada Urbana;VIALE PALMIRO TOGLIATTI;in corrispondenza;;del civico n. ;682;;Veicolo in marcia contro ostacolo accidentale;Rettilineo;Due carreggiate;Asciutto;Asfaltata;Orizzontale;Sereno;Normale;Buona;Ore Diurne;0;0;0;1;;;-1;1;Motociclo a solo;In marcia / fermata / arresto;Conducente;M;Illeso;0;;Utilizzato;Inesistente
1851449;7;06/10/2010 23:45;Provinciale entro l'abitato;VIA PRENESTINA;in corrispondenza;;del civico n. ;11654;;Tamponamento;Rettilineo;Una carreggiata a doppio senso;Asciutto;Asfaltata;Assente;Sereno;Normale;Buona;Sufficiente;0;0;0;2;;;-1;1;Autovettura privata;In marcia / fermata / arresto;Conducente;M;Illeso;0;;Non accertato;Inesistente
1851449;7;06/10/2010 23:45;Provinciale entro l'abitato;VIA PRENESTINA;in corrispondenza;;del civico n. ;11654;;Tamponamento;Rettilineo;Una carreggiata a doppio senso;Asciutto;Asfaltata;Assente;Sereno;Normale;Buona;Sufficiente;0;0;0;2;;;-1;2;Autovettura privata;In marcia / fermata / arresto;Conducente;M;Illeso;0;;Non accertato;Inesistente
1851450;7;07/10/2010 08:35;Strada Urbana;VIA FEDERICO TURANO;all'intersezione con;VIA RENATO GUTTUSO;VIA RENATO GUTTUSO;;;Scontro laterale fra veicoli in marcia;Incrocio;Una carreggiata a doppio senso;Asciutto;Asfaltata;Orizzontale;Sereno;Scarso;Buona;Ore Diurne;1;0;0;1;;;-1;1;Autovettura privata;In marcia / fermata / arresto;Conducente;M;Illeso;0;;Non accertato;Inesploso
1851450;7;07/10/2010 08:35;Strada Urbana;VIA FEDERICO TURANO;all'intersezione con;VIA RENATO GUTTUSO;VIA RENATO GUTTUSO;;;Scontro laterale fra veicoli in marcia;Incrocio;Una carreggiata a doppio senso;Asciutto;Asfaltata;Orizzontale;Sereno;Scarso;Buona;Ore Diurne;1;0;0;1;;;-1;2;Motociclo a solo;In marcia / fermata / arresto;Conducente;M;Rimandato;0;NON DECEDUTO;Non accertato;Inesistente
1851451;7;07/10/2010 10:30;Strada Urbana;VIA DEI CICLAMINI;all'intersezione con;VIA DELLE PALME;VIA DELLE PALME;;;Scontro frontale/laterale SX fra veicoli in marcia;Incrocio;Una carreggiata a doppio senso;Asciutto;Asfaltata;Verticale ed orizzontale;Sereno;Normale;Buona;Ore Diurne;0;0;0;4;;;-1;1;Autovettura privata;In marcia / fermata / arresto;Conducente;M;Illeso;0;;Non accertato;Inesistente
1851451;7;07/10/2010 10:30;Strada Urbana;VIA DEI CICLAMINI;all'intersezione con;VIA DELLE PALME;VIA DELLE PALME;;;Scontro frontale/laterale SX fra veicoli in marcia;Incrocio;Una carreggiata a doppio senso;Asciutto;Asfaltata;Verticale ed orizzontale;Sereno;Normale;Buona;Ore Diurne;0;0;0;4;;;-1;2;Autovettura privata;In marcia / fermata / arresto;Conducente;M;Illeso;0;;Non accertato;Inesistente
1851451;7;07/10/2010 10:30;Strada Urbana;VIA DEI CICLAMINI;all'intersezione con;VIA DELLE PALME;VIA DELLE PALME;;;Scontro frontale/laterale SX fra veicoli in marcia;Incrocio;Una carreggiata a doppio senso;Asciutto;Asfaltata;Verticale ed orizzontale;Sereno;Normale;Buona;Ore Diurne;0;0;0;4;;;-1;2;Autovettura privata;In marcia / fermata / arresto;Passeggero;F;Illeso;0;;Non accertato;Inesistente
1851451;7;07/10/2010 10:30;Strada Urbana;VIA DEI CICLAMINI;all'intersezione con;VIA DELLE PALME;VIA DELLE PALME;;;Scontro frontale/laterale SX fra veicoli in marcia;Incrocio;Una carreggiata a doppio senso;Asciutto;Asfaltata;Verticale ed orizzontale;Sereno;Normale;Buona;Ore Diurne;0;0;0;4;;;-1;2;Autovettura privata;In marcia / fermata / arresto;Passeggero;F;Illeso;0;;Non accertato;Inesistente
1851452;7;07/10/2010 14:45;Strada Urbana;VIALE ALESSANDRINO;all'intersezione con;VIA DEGLI OLEANDRI;VIA DEGLI OLEANDRI;;;Scontro frontale/laterale SX fra veicoli in marcia;Incrocio;Una carreggiata a doppio senso;Asciutto;Asfaltata;Orizzontale;Sereno;Normale;Buona;Ore Diurne;1;0;0;1;;;-1;1;Motociclo a solo;In marcia / fermata / arresto;Conducente;F;Rimandato;0;NON DECEDUTO;Non accertato;Inesistente
1851452;7;07/10/2010 14:45;Strada Urbana;VIALE ALESSANDRINO;all'intersezione con;VIA DEGLI OLEANDRI;VIA DEGLI OLEANDRI;;;Scontro frontale/laterale SX fra veicoli in marcia;Incrocio;Una carreggiata a doppio senso;Asciutto;Asfaltata;Orizzontale;Sereno;Normale;Buona;Ore Diurne;1;0;0;1;;;-1;2;Autovettura privata;In marcia / fermata / arresto;Conducente;F;Illeso;0;;Non accertato;Inesistente
1851453;7;08/10/2010 00:10;Strada Urbana;VIA DEI CASTANI;all'intersezione con;VIA DELLE ROBINIE;VIA DELLE ROBINIE;;;Scontro frontale/laterale SX fra veicoli in marcia;Incrocio;Una carreggiata a doppio senso;Asciutto;Asfaltata;Verticale ed orizzontale;Sereno;Scarso;Buona;Sufficiente;1;0;0;1;;;-1;1;Ciclomotore;In marcia / fermata / arresto;Conducente;F;Rimandato;0;NON DECEDUTO;Non accertato;Inesistente
1851453;7;08/10/2010 00:10;Strada Urbana;VIA DEI CASTANI;all'intersezione con;VIA DELLE ROBINIE;VIA DELLE ROBINIE;;;Scontro frontale/laterale SX fra veicoli in marcia;Incrocio;Una carreggiata a doppio senso;Asciutto;Asfaltata;Verticale ed orizzontale;Sereno;Scarso;Buona;Sufficiente;1;0;0;1;;;-1;2;Autovettura privata;In marcia / fermata / arresto;Conducente;M;Illeso;0;;Non accertato;Inesistente
1851454;7;08/10/2010 03:30;Strada Urbana;VIA ARISTIDE STADERINI;da specificare;;;;in prossimità di Via Prenestina;Veicolo in marcia contro ostacolo fisso;Rettilineo;Una carreggiata a doppio senso;Asciutto;Asfaltata;Assente;Sereno;Scarso;Buona;Sufficiente;0;0;0;2;;;-1;1;Autovettura privata;In marcia / fermata / arresto;Conducente;M;Illeso;0;;Non accertato;Inesistente
1851454;7;08/10/2010 03:30;Strada Urbana;VIA ARISTIDE STADERINI;da specificare;;;;in prossimità di Via Prenestina;Veicolo in marcia contro ostacolo fisso;Rettilineo;Una carreggiata a doppio senso;Asciutto;Asfaltata;Assente;Sereno;Scarso;Buona;Sufficiente;0;0;0;2;;;-1;1;Autovettura privata;In marcia / fermata / arresto;Passeggero;M;Illeso;0;;Non accertato;Inesistente
1851455;8;07/10/2010 07:10;Strada Urbana;VIA COLLATINA;da specificare;;;;300 mt dopo ponte ferroviario dir. Roma centro;Tamponamento;Rettilineo;Una carreggiata a doppio senso;Asciutto;Asfaltata;Verticale ed orizzontale;Sereno;Scarso;Buona;Ore Diurne;1;0;0;1;;;-1;1;Autovettura privata;In marcia / fermata / arresto;Conducente;M;Illeso;0;;Non accertato;Inesistente
1851455;8;07/10/2010 07:10;Strada Urbana;VIA COLLATINA;da specificare;;;;300 mt dopo ponte ferroviario dir. Roma centro;Tamponamento;Rettilineo;Una carreggiata a doppio senso;Asciutto;Asfaltata;Verticale ed orizzontale;Sereno;Scarso;Buona;Ore Diurne;1;0;0;1;;;-1;2;Motociclo a solo;In marcia / fermata / arresto;Conducente;M;Rimandato;0;NON DECEDUTO;Non accertato;Inesistente
1851456;8;07/10/2010 11:30;Statale entro l'abitato;VIA CASILINA;all'intersezione semaforizzata con;VIA DELL'AQUILA REALE;VIA DELL'AQUILA REALE;;;Scontro laterale fra veicoli in marcia;Intersezione semaforizzata;Una carreggiata a doppio senso;Asciutto;Asfaltata;Verticale ed orizzontale;Sereno;Normale;Buona;Ore Diurne;0;0;0;3;;;-1;1;Autovettura privata;In marcia / fermata / arresto;Conducente;F;Illeso;0;;Non accertato;Inesploso
1851456;8;07/10/2010 11:30;Statale entro l'abitato;VIA CASILINA;all'intersezione semaforizzata con;VIA DELL'AQUILA REALE;VIA DELL'AQUILA REALE;;;Scontro laterale fra veicoli in marcia;Intersezione semaforizzata;Una carreggiata a doppio senso;Asciutto;Asfaltata;Verticale ed orizzontale;Sereno;Normale;Buona;Ore Diurne;0;0;0;3;;;-1;1;Autovettura privata;In marcia / fermata / arresto;Passeggero;F;Illeso;0;;Non accertato;Inesploso
1851456;8;07/10/2010 11:30;Statale entro l'abitato;VIA CASILINA;all'intersezione semaforizzata con;VIA DELL'AQUILA REALE;VIA DELL'AQUILA REALE;;;Scontro laterale fra veicoli in marcia;Intersezione semaforizzata;Una carreggiata a doppio senso;Asciutto;Asfaltata;Verticale ed orizzontale;Sereno;Normale;Buona;Ore Diurne;0;0;0;3;;;-1;2;Autovettura privata;In marcia / fermata / arresto;Conducente;M;Illeso;0;;Non accertato;Inesploso
1851457;8;07/10/2010 11:50;Strada Urbana;VIA PRENESTINA;in corrispondenza;;del civico n. ;1153;;Scontro frontale fra veicoli in marcia;Rettilineo;Una carreggiata a doppio senso;Asciutto;Asfaltata;Verticale ed orizzontale;Sereno;Intenso;Buona;Ore Diurne;1;0;0;3;;;-1;1;Motociclo a solo;In marcia / fermata / arresto;Conducente;M;Illeso;0;;Non accertato;Inesistente
1851457;8;07/10/2010 11:50;Strada Urbana;VIA PRENESTINA;in corrispondenza;;del civico n. ;1153;;Scontro frontale fra veicoli in marcia;Rettilineo;Una carreggiata a doppio senso;Asciutto;Asfaltata;Verticale ed orizzontale;Sereno;Intenso;Buona;Ore Diurne;1;0;0;3;;;-1;1;Motociclo a solo;In marcia / fermata / arresto;Passeggero;F;Ricoverato;0;NON DECEDUTO;Non accertato;Inesistente
1851457;8;07/10/2010 11:50;Strada Urbana;VIA PRENESTINA;in corrispondenza;;del civico n. ;1153;;Scontro frontale fra veicoli in marcia;Rettilineo;Una carreggiata a doppio senso;Asciutto;Asfaltata;Verticale ed orizzontale;Sereno;Intenso;Buona;Ore Diurne;1;0;0;3;;;-1;2;Autovettura privata;In marcia / fermata / arresto;Conducente;M;Illeso;0;;Non accertato;Inesploso
1851457;8;07/10/2010 11:50;Strada Urbana;VIA PRENESTINA;in corrispondenza;;del civico n. ;1153;;Scontro frontale fra veicoli in marcia;Rettilineo;Una carreggiata a doppio senso;Asciutto;Asfaltata;Verticale ed orizzontale;Sereno;Intenso;Buona;Ore Diurne;1;0;0;3;;;-1;2;Autovettura privata;In marcia / fermata / arresto;Passeggero;M;Illeso;0;;Non accertato;Inesistente
1851458;8;07/10/2010 14:00;Statale entro l'abitato;VIA CASILINA;da specificare;;;;100 METRI DOPO VIA DUE TORRI DIR. ROMA CENTRO;Scontro laterale fra veicoli in marcia;Rettilineo;Una carreggiata a doppio senso;Asciutto;Asfaltata;Orizzontale;Sereno;Intenso;Buona;Ore Diurne;0;0;0;2;;;-1;1;Autovettura privata;In marcia / fermata / arresto;Conducente;M;Illeso;0;;Non accertato;Inesploso
1851458;8;07/10/2010 14:00;Statale entro l'abitato;VIA CASILINA;da specificare;;;;100 METRI DOPO VIA DUE TORRI DIR. ROMA CENTRO;Scontro laterale fra veicoli in marcia;Rettilineo;Una carreggiata a doppio senso;Asciutto;Asfaltata;Orizzontale;Sereno;Intenso;Buona;Ore Diurne;0;0;0;2;;;-1;2;Autovettura privata;In marcia / fermata / arresto;Conducente;M;Illeso;0;;Non accertato;Inesploso
1851459;8;07/10/2010 15:55;Strada Urbana;VIALE PAOLO FERDINANDO QUAGLIA;in prossimità;;del civico n. ;166;;Infortunio per sola frenata improvvisa;Rettilineo;Una carreggiata a doppio senso;Asciutto;Asfaltata;Orizzontale;Sereno;Normale;Buona;Ore Diurne;1;0;0;0;;;-1;1;Ciclomotore;In marcia / fermata / arresto;Conducente;M;Rimandato;0;NON DECEDUTO;Utilizzato;Inesistente
1851460;8;07/10/2010 16:05;Strada Urbana;VIALE S. RITA DA CASCIA;in corrispondenza;;del civico n. ;50;;Investimento di pedone;Rettilineo;Due carreggiate;Asciutto;Strada pavimentata dissestata;Orizzontale;Sereno;Normale;Buona;Ore Diurne;0;1;0;1;;;-1;;;;Pedone;F;Prognosi riservata;0;NON DECEDUTO;;
1851460;8;07/10/2010 16:05;Strada Urbana;VIALE S. RITA DA CASCIA;in corrispondenza;;del civico n. ;50;;Investimento di pedone;Rettilineo;Due carreggiate;Asciutto;Strada pavimentata dissestata;Orizzontale;Sereno;Normale;Buona;Ore Diurne;0;1;0;1;;;-1;1;Autovettura privata;In marcia / fermata / arresto;Conducente;M;Illeso;0;;Non accertato;Inesploso
1851461;8;07/10/2010 16:30;Statale entro l'abitato;VIA CASILINA;da specificare;;;;ALTEZZA GRA DIR. FUORI ROMA;Scontro laterale fra veicoli in marcia;Curva a visuale libera;Una carreggiata a senso unico di marcia;Asciutto;Asfaltata;Verticale ed orizzontale;Sereno;Intenso;Buona;Ore Diurne;1;0;0;1;;;-1;1;Autovettura privata;In marcia / fermata / arresto;Conducente;M;Illeso;0;;Non accertato;Inesistente
1851461;8;07/10/2010 16:30;Statale entro l'abitato;VIA CASILINA;da specificare;;;;ALTEZZA GRA DIR. FUORI ROMA;Scontro laterale fra veicoli in marcia;Curva a visuale libera;Una carreggiata a senso unico di marcia;Asciutto;Asfaltata;Verticale ed orizzontale;Sereno;Intenso;Buona;Ore Diurne;1;0;0;1;;;-1;2;Motociclo a solo;In marcia / fermata / arresto;Conducente;M;Rimandato;0;NON DECEDUTO;Non accertato;Inesistente
1851462;9;07/10/2010 07:00;Strada Urbana;VIALE CASTRENSE;da specificare;;;;ALT. VIA NOLA;Scontro laterale fra veicoli in marcia;Rettilineo;Due carreggiate;Asciutto;Asfaltata;Verticale ed orizzontale;Sereno;Normale;Buona;Ore Diurne;0;0;0;3;;;-1;1;Autovettura privata;In marcia / fermata / arresto;Conducente;M;Illeso;0;;Utilizzato;Inesploso
1851462;9;07/10/2010 07:00;Strada Urbana;VIALE CASTRENSE;da specificare;;;;ALT. VIA NOLA;Scontro laterale fra veicoli in marcia;Rettilineo;Due carreggiate;Asciutto;Asfaltata;Verticale ed orizzontale;Sereno;Normale;Buona;Ore Diurne;0;0;0;3;;;-1;1;Autovettura privata;In marcia / fermata / arresto;Passeggero;M;Illeso;0;;Utilizzato;Inesploso
1851462;9;07/10/2010 07:00;Strada Urbana;VIALE CASTRENSE;da specificare;;;;ALT. VIA NOLA;Scontro laterale fra veicoli in marcia;Rettilineo;Due carreggiate;Asciutto;Asfaltata;Verticale ed orizzontale;Sereno;Normale;Buona;Ore Diurne;0;0;0;3;;;-1;2;Autovettura privata;In marcia / fermata / arresto;Conducente;M;Illeso;0;;Utilizzato;Inesploso
1851463;9;07/10/2010 17:15;Strada Urbana;VIA SEGESTA;all'intersezione con;VIA MACEDONIA;VIA MACEDONIA;;;Scontro laterale fra veicoli in marcia;Incrocio;Una carreggiata a senso unico di marcia;Asciutto;Asfaltata;Verticale ed orizzontale;Sereno;Normale;Buona;Ore Diurne;2;0;0;1;;;-1;1;Autovettura privata;In marcia / fermata / arresto;Conducente;M;Illeso;0;;Non accertato;Inesistente
1851463;9;07/10/2010 17:15;Strada Urbana;VIA SEGESTA;all'intersezione con;VIA MACEDONIA;VIA MACEDONIA;;;Scontro laterale fra veicoli in marcia;Incrocio;Una carreggiata a senso unico di marcia;Asciutto;Asfaltata;Verticale ed orizzontale;Sereno;Normale;Buona;Ore Diurne;2;0;0;1;;;-1;2;Motociclo con passeggero;In marcia / fermata / arresto;Conducente;M;Rimandato;0;NON DECEDUTO;Non accertato;Inesistente
1851463;9;07/10/2010 17:15;Strada Urbana;VIA SEGESTA;all'intersezione con;VIA MACEDONIA;VIA MACEDONIA;;;Scontro laterale fra veicoli in marcia;Incrocio;Una carreggiata a senso unico di marcia;Asciutto;Asfaltata;Verticale ed orizzontale;Sereno;Normale;Buona;Ore Diurne;2;0;0;1;;;-1;2;Motociclo con passeggero;In marcia / fermata / arresto;Passeggero;M;Rimandato;0;NON DECEDUTO;Non accertato;Inesistente
1851464;9;07/10/2010 19:40;Strada Urbana;VIA MACEDONIA;in prossimità;;del civico n. ;37;;Investimento di pedone;Rettilineo;Una carreggiata a doppio senso;Asciutto;Asfaltata;Verticale ed orizzontale;Sereno;Normale;Buona;Sufficiente;1;0;0;1;;;-1;;;;Pedone;M;Rimandato;0;NON DECEDUTO;;
1851464;9;07/10/2010 19:40;Strada Urbana;VIA MACEDONIA;in prossimità;;del civico n. ;37;;Investimento di pedone;Rettilineo;Una carreggiata a doppio senso;Asciutto;Asfaltata;Verticale ed orizzontale;Sereno;Normale;Buona;Sufficiente;1;0;0;1;;;-1;1;Motociclo a solo;In marcia / fermata / arresto;Conducente;M;Illeso;0;;Non accertato;Inesistente
1851465;1;01/10/2010 09:00;Strada Urbana;PIAZZALE NUMA POMPILIO;da specificare;;;;V.LE TERME DI CARACALLA ;Tamponamento;Rettilineo;Una carreggiata a doppio senso;Asciutto;Asfaltata;Verticale ed orizzontale;Sereno;Intenso;Buona;Ore Diurne;0;0;0;2;;;-1;1;Autovettura privata;In marcia / fermata / arresto;Conducente;F;Illeso;0;;Non accertato;Inesistente
1851465;1;01/10/2010 09:00;Strada Urbana;PIAZZALE NUMA POMPILIO;da specificare;;;;V.LE TERME DI CARACALLA ;Tamponamento;Rettilineo;Una carreggiata a doppio senso;Asciutto;Asfaltata;Verticale ed orizzontale;Sereno;Intenso;Buona;Ore Diurne;0;0;0;2;;;-1;2;Autovettura privata;In marcia / fermata / arresto;Conducente;F;Illeso;0;;Non accertato;Inesistente
1851467;1;05/10/2010 10:45;Strada Urbana;VIA DEL CORSO;all'intersezione con;PIAZZA COLONNA;PIAZZA COLONNA;;;Investimento di pedone;Incrocio;Due carreggiate;Asciutto;Asfaltata;Verticale;Nuvoloso;Intenso;Buona;Ore Diurne;1;0;0;1;;;-1;;;;Pedone;F;Rimandato;0;NON DECEDUTO;;
1851467;1;05/10/2010 10:45;Strada Urbana;VIA DEL CORSO;all'intersezione con;PIAZZA COLONNA;PIAZZA COLONNA;;;Investimento di pedone;Incrocio;Due carreggiate;Asciutto;Asfaltata;Verticale;Nuvoloso;Intenso;Buona;Ore Diurne;1;0;0;1;;;-1;1;Motociclo a solo;In marcia / fermata / arresto;Conducente;M;Illeso;0;;Utilizzato;Inesistente
1851468;1;05/10/2010 12:15;Strada Urbana;VIA GUSTAVO MODENA;all'intersezione con;VIA BARTOLOMEO FILIPPERI;VIA BARTOLOMEO FILIPPERI;;;Scontro frontale/laterale DX fra veicoli in marcia;Intersezione stradale segnalata;Una carreggiata a senso unico di marcia;Asciutto;Acciotolata;Verticale ed orizzontale;Nuvoloso;Normale;Buona;Ore Diurne;0;0;0;2;;;-1;1;Autovettura privata;In marcia / fermata / arresto;Conducente;F;Illeso;0;;Non accertato;Inesistente
1851468;1;05/10/2010 12:15;Strada Urbana;VIA GUSTAVO MODENA;all'intersezione con;VIA BARTOLOMEO FILIPPERI;VIA BARTOLOMEO FILIPPERI;;;Scontro frontale/laterale DX fra veicoli in marcia;Intersezione stradale segnalata;Una carreggiata a senso unico di marcia;Asciutto;Acciotolata;Verticale ed orizzontale;Nuvoloso;Normale;Buona;Ore Diurne;0;0;0;2;;;-1;2;Autovettura privata;In marcia / fermata / arresto;Conducente;F;Illeso;0;;Non accertato;Inesistente
1851469;1;05/10/2010 17:20;Strada Urbana;VIA DI S. MARIA IN COSMEDIN;all'intersezione semaforizzata con;VIA DELLA GRECA;VIA DELLA GRECA;;;Scontro laterale fra veicoli in marcia;Intersezione semaforizzata;Una carreggiata a doppio senso;Asciutto;Asfaltata;Verticale ed orizzontale;Sereno;Intenso;Buona;Ore Diurne;0;0;0;2;;;-1;1;Autobus turistico;In marcia / fermata / arresto;Conducente;M;Illeso;0;;Non accertato;Inesistente
1851469;1;05/10/2010 17:20;Strada Urbana;VIA DI S. MARIA IN COSMEDIN;all'intersezione semaforizzata con;VIA DELLA GRECA;VIA DELLA GRECA;;;Scontro laterale fra veicoli in marcia;Intersezione semaforizzata;Una carreggiata a doppio senso;Asciutto;Asfaltata;Verticale ed orizzontale;Sereno;Intenso;Buona;Ore Diurne;0;0;0;2;;;-1;2;Autovettura privata;In marcia / fermata / arresto;Conducente;M;Illeso;0;;Non accertato;Inesistente
1851470;1;06/10/2010 10:50;Strada Urbana;VIALE DI TRASTEVERE;all'intersezione semaforizzata con;VIA GIROLAMO INDUNO;VIA GIROLAMO INDUNO;;;Scontro laterale fra veicoli in marcia;Intersezione semaforizzata;Una carreggiata a doppio senso;Asciutto;Asfaltata;Verticale ed orizzontale;Sereno;Normale;Buona;Ore Diurne;1;0;0;1;;;-1;1;Ciclomotore;In marcia / fermata / arresto;Conducente;F;Rifiuta cure immediate;0;NON DECEDUTO;Utilizzato;Inesistente
1851470;1;06/10/2010 10:50;Strada Urbana;VIALE DI TRASTEVERE;all'intersezione semaforizzata con;VIA GIROLAMO INDUNO;VIA GIROLAMO INDUNO;;;Scontro laterale fra veicoli in marcia;Intersezione semaforizzata;Una carreggiata a doppio senso;Asciutto;Asfaltata;Verticale ed orizzontale;Sereno;Normale;Buona;Ore Diurne;1;0;0;1;;;-1;2;Autovettura privata;In marcia / fermata / arresto;Conducente;M;Illeso;0;;Utilizzato;Inesistente
1851471;1;07/10/2010 10:05;Strada Urbana;VIA DI S. GREGORIO;in prossimità;;del palo luce n. ;25;;Veicolo in marcia contro ostacolo accidentale;Rettilineo;Una carreggiata a doppio senso;Asciutto;Acciotolata;Verticale ed orizzontale;Sereno;Normale;Buona;Ore Diurne;1;0;0;0;;;-1;1;Motociclo a solo;In marcia / fermata / arresto;Conducente;F;Rimandato;0;NON DECEDUTO;Utilizzato;Inesistente
1851472;1;07/10/2010 11:35;Strada Urbana;PIAZZA DELLA BOCCA DELLA VERITA';da specificare;;;;CORRISPONDENZ AREA DI PARCHEGGIO ;Scontro laterale fra veicoli in marcia;Curva a visuale libera;Una carreggiata a senso unico di marcia;Asciutto;Acciotolata;Orizzontale;Sereno;Normale;Buona;Ore Diurne;1;0;0;1;;;-1;1;Autovettura privata;In marcia / fermata / arresto;Conducente;M;Illeso;0;;Non accertato;Inesistente
1851472;1;07/10/2010 11:35;Strada Urbana;PIAZZA DELLA BOCCA DELLA VERITA';da specificare;;;;CORRISPONDENZ AREA DI PARCHEGGIO ;Scontro laterale fra veicoli in marcia;Curva a visuale libera;Una carreggiata a senso unico di marcia;Asciutto;Acciotolata;Orizzontale;Sereno;Normale;Buona;Ore Diurne;1;0;0;1;;;-1;2;Motociclo a solo;In marcia / fermata / arresto;Conducente;M;Rifiuta cure immediate;0;NON DECEDUTO;Non accertato;Inesistente
1851473;1;07/10/2010 14:40;Strada Urbana;VIALE CASTRO PRETORIO;in corrispondenza;;del civico n. ;78;;Scontro frontale/laterale SX fra veicoli in marcia;Rettilineo;Una carreggiata a doppio senso;Asciutto;Asfaltata;Verticale ed orizzontale;Sereno;Normale;Buona;Ore Diurne;1;0;0;1;;;-1;1;Motociclo a solo;In marcia / fermata / arresto;Conducente;M;Rimandato;0;NON DECEDUTO;Non accertato;Inesistente
1851473;1;07/10/2010 14:40;Strada Urbana;VIALE CASTRO PRETORIO;in corrispondenza;;del civico n. ;78;;Scontro frontale/laterale SX fra veicoli in marcia;Rettilineo;Una carreggiata a doppio senso;Asciutto;Asfaltata;Verticale ed orizzontale;Sereno;Normale;Buona;Ore Diurne;1;0;0;1;;;-1;2;Autovettura privata;In marcia / fermata / arresto;Conducente;F;Illeso;0;;Non accertato;Inesistente
1851474;1;08/10/2010 00:10;Strada Urbana;VIA DELLE COPPELLE;in prossimità;;del civico n. ;31;;Investimento di pedone;Rettilineo;Una carreggiata a senso unico di marcia;Asciutto;In cubetti di porfido;Verticale ed orizzontale;Sereno;Scarso;Buona;Sufficiente;1;0;0;0;;;-1;;;;Pedone;M;Rimandato;0;NON DECEDUTO;;
1851476;10;08/10/2010 08:45;Strada Urbana;VIA TUSCOLANA;in prossimità;;del civico n. ;1148;;Veicolo in marcia contro veicolo in sosta;Rettilineo;Due carreggiate;Asciutto;Asfaltata;Verticale ed orizzontale;Sereno;Normale;Buona;Ore Diurne;1;0;0;0;;;-1;2;Ciclomotore con passeggero;In marcia / fermata / arresto;Conducente;M;Rimandato;0;NON DECEDUTO;Non accertato;Inesistente
1851477;10;11/10/2010 21:30;Strada Urbana;VIA TUSCOLANA;all'intersezione semaforizzata con;VIA GASPERINA;VIA GASPERINA;;;Scontro frontale/laterale SX fra veicoli in marcia;Intersezione semaforizzata;Una carreggiata a senso unico di marcia;Asciutto;Asfaltata;Verticale ed orizzontale;Nuvoloso;Scarso;Sufficiente;Insufficiente;0;0;0;2;;;-1;1;Autovettura privata;In marcia / fermata / arresto;Conducente;M;Illeso;0;;Non accertato;Inesistente
1851477;10;11/10/2010 21:30;Strada Urbana;VIA TUSCOLANA;all'intersezione semaforizzata con;VIA GASPERINA;VIA GASPERINA;;;Scontro frontale/laterale SX fra veicoli in marcia;Intersezione semaforizzata;Una carreggiata a senso unico di marcia;Asciutto;Asfaltata;Verticale ed orizzontale;Nuvoloso;Scarso;Sufficiente;Insufficiente;0;0;0;2;;;-1;2;Autovettura privata;In marcia / fermata / arresto;Conducente;F;Illeso;0;;Non accertato;Inesistente
1851484;11;07/10/2010 08:20;Strada Urbana;VIA ARDEATINA;in corrispondenza;;del civico n. ;834;;Scontro frontale/laterale SX fra veicoli in marcia;Rettilineo;Una carreggiata a doppio senso;Asciutto;Asfaltata;Verticale ed orizzontale;Sereno;Normale;Buona;Ore Diurne;2;0;0;0;;;-1;1;Motociclo a solo;In marcia / fermata / arresto;Conducente;M;Rimandato;0;NON DECEDUTO;Utilizzato;Inesistente